{"cameraMode":{"drawMode":0,"name":"Shaded","section":"Shading Mode"},"sceneLighting":true,"audioPlay":false,"sceneViewState":{"m_AlwaysRefresh":false,"showFog":true,"showSkybox":true,"showFlares":true,"showImageEffects":true,"showParticleSystems":true,"showVisualEffectGraphs":true,"m_FxEnabled":true},"in2DMode":false,"pivot":{"x":485.44927978515627,"y":-2.5683445930480959,"z":494.3631591796875},"rotation":{"x":0.002617734018713236,"y":0.959533154964447,"z":-0.28144240379333498,"w":0.008924782276153565},"size":179.2772216796875,"orthographic":false}